X,Y,field_1,field_2,field_3,field_4,field_5,field_6,field_7,field_8,field_9,result_num,status,formatted_,place_id,location_t,latlong,icon_url
-74.0059728,40.7127753,Name,"1970","1980","1990","2000","2010","2019",Bundesland,Groesse,"0",OK,"New York, NY, USA",ChIJOwg_06VPwokRYv534QaPC8g,APPROXIMATE,"40.7127753,-74.0059728",./0.png
6.0838868,50.7753455,Aachen,"175451","243947","241861","244386","258664","248960",Nordrhein-Westfalen,"1","0",OK,"Aachen, Germany",ChIJHRmKsHyZwEcRT0QOC64Oo2M,APPROXIMATE,"50.7753455,6.083886800000001",./0.png
10.0971163,48.8366887,Aalen,"37066","63030","64781","66066","66113","68393",Baden-WÃ¼rttemberg,"1","0",OK,"Aalen, Germany",ChIJnxyEFIQbmUcRjOYktHot_tY,APPROXIMATE,"48.8366887,10.0971163",./0.png
7.8973228,51.7600942,Ahlen,"49970","54192","54169","55631","53414","52503",Nordrhein-Westfalen,"1","0",OK,"Ahlen, Germany",ChIJG_wZ3fKduUcREIJUMYHyJwQ,APPROXIMATE,"51.7600942,7.8973228",./0.png
8.052771,51.4073375,Arnsberg,"22398","78056","75864","77473","74227","73456",Nordrhein-Westfalen,"1","0",OK,"Arnsberg, Germany",ChIJNVPNb-ZfuUcRSOdQfOFVmuo,APPROXIMATE,"51.4073375,8.052771",./0.png
9.1355554,49.9806625,Aschaffenburg,"55119","59257","64098","67592","68678","71002",Bayern,"1","0",OK,"Aschaffenburg, Germany",ChIJFyDtEeRHvUcR4IgWHuTsZJk,APPROXIMATE,"49.9806625,9.135555400000001",./0.png
10.89779,48.3705449,Augsburg,"213230","248346","256877","254982","264708","296582",Bayern,"1","0",OK,"Augsburg, Germany",ChIJKSshOsWinkcRoOeL161IHgQ,APPROXIMATE,"48.3705449,10.89779",./0.png
8.6181618,50.2268308,Bad Homburg vor der HÃ¶he,"42066","51221","51820","52838","52229","54227",Hessen,"1","0",OK,"Bad Homburg, Germany",ChIJ2biJDH8HvUcRgJywKVBDIgQ,APPROXIMATE,"50.22683079999999,8.6181618",./0.png
7.8731346,49.8440162,Bad Kreuznach,"42258","41143","40950","43164","43703","51170",Rheinland-Pfalz,"1","0",OK,"Bad Kreuznach, Germany",ChIJazZSuq_wvUcRKgQl3Bz6yFc,APPROXIMATE,"49.8440162,7.873134599999999",./0.png
8.755622,52.0765185,Bad Salzuflen,"49571","51248","53771","55028","53893","54254",Nordrhein-Westfalen,"1","0",OK,"Bad Salzuflen, Germany",ChIJf5xP2dtqukcRAIVUMYHyJwQ,APPROXIMATE,"52.0765185,8.755621999999999",./0.png
8.2285242,48.76564,Baden-Baden,"37185","49142","51849","52627","54445","55185",Baden-WÃ¼rttemberg,"1","0",OK,"Baden-Baden, Germany",ChIJRTH3kUMfl0cRwcXzMxkpD2M,APPROXIMATE,"48.76564,8.228524199999999",./0.png
10.9027636,49.8988135,Bamberg,"70384","71928","70521","69036","70004","77373",Bayern,"1","0",OK,"Bamberg, Germany",ChIJtb7UOAUjokcRgNlh8Ci3HQQ,APPROXIMATE,"49.8988135,10.9027636",./0.png
11.5713346,49.9456399,Bayreuth,"64185","70633","72345","74153","72683","74783",Bayern,"1","0",OK,"Bayreuth, Germany",ChIJGQMtqMWioUcRNOfR0gnfhto,APPROXIMATE,"49.9456399,11.5713346",./0.png
6.6555022,50.9451945,Bergheim,"10493","54064","58146","63526","62129","61601",Nordrhein-Westfalen,"1","0",OK,"Bergheim, Germany",ChIJCWp_lKtHv0cR5-fqfgcoXac,APPROXIMATE,"50.9451945,6.6555022",./0.png
7.1286213,50.9923091,Bergisch Gladbach,"50228","101472","104037","105693","105723","111846",Nordrhein-Westfalen,"1","0",OK,"Bergisch Gladbach, Germany",ChIJhRoRfZzXvkcRUHwqSvxgJwQ,APPROXIMATE,"50.9923091,7.1286213",./0.png
-94.896079,37.9214262,Berlin,"3208719","3048759","3433695","3382169","3460725","3669491",Berlin,"5","0",OK,"Berlin, Mill Creek, KS 66769, USA",ChIJyTpoAtV5x4cRro_NX1-Air4,APPROXIMATE,"37.9214262,-94.896079",./0.png
8.5324708,52.0302285,Bielefeld,"168609","312708","319037","321758","323270","334195",Nordrhein-Westfalen,"1","0",OK,"Bielefeld, Germany",ChIJ8xmb4RE9ukcRzsfHbHK1P0w,APPROXIMATE,"52.0302285,8.532470800000002",./0.png
9.0088299,48.6813312,BÃ¶blingen,"36127","41505","44903","45838","46488","50161",Baden-WÃ¼rttemberg,"1","0",OK,"Böblingen, Germany",ChIJK9PTPoPgmUcRi3YOODzeD1c,APPROXIMATE,"48.6813312,9.0088299",./0.png
6.6150917,51.8384277,Bocholt,"49244","65352","68936","72138","73170","71113",Nordrhein-Westfalen,"1","0",OK,"Bocholt, Germany",ChIJcVOnu4d9uEcR3lS429SbMU8,APPROXIMATE,"51.8384277,6.6150917",./0.png
7.2162363,51.4818445,Bochum,"343809","400757","396486","391147","374737","365587",Nordrhein-Westfalen,"1","0",OK,"Bochum, Germany",ChIJdVfT-Q_guEcRQIdUMYHyJwQ,APPROXIMATE,"51.4818445,7.216236299999999",./0.png
7.0982068,50.73743,Bonn,"275722","288148","292234","302247","324899","329673",Nordrhein-Westfalen,"1","0",OK,"Bonn, Germany",ChIJSdrLfJ_hvkcRF5ZcaMb424Y,APPROXIMATE,"50.73743,7.0982068",./0.png
6.9446887,51.529086,Bottrop,"106225","114571","118936","120611","116771","117565",Nordrhein-Westfalen,"1","0",OK,"Bottrop, Germany",ChIJL14ukdbruEcR4NBr1UCD7p0,APPROXIMATE,"51.529086,6.944688699999999",./0.png
12.5316444,52.4125287,Brandenburg an der Havel,"93983","94953","89889","77516","71778","72184",Brandenburg,"1","0",OK,"Brandenburg, Germany",ChIJN8I30-XAqEcRhUxEEOyL_kg,APPROXIMATE,"52.4125287,12.5316444",./0.png
10.5267696,52.2688736,Braunschweig,"223275","261141","258833","245816","248867","249406",Niedersachsen,"1","0",OK,"Brunswick, Germany",ChIJO2YAitX1r0cRsDqslG2sJQQ,APPROXIMATE,"52.2688736,10.5267696",./0.png
8.8016936,53.0792962,Bremen,"592533","555118","551219","539403","547340","567559",Bremen,"2","0",OK,"Bremen, Germany",ChIJNePuDBAosUcRUd83-VyI6MI,APPROXIMATE,"53.07929619999999,8.8016936",./0.png
8.5809425,53.5395845,Bremerhaven,"142919","138728","130446","120822","113366","113643",Bremen,"1","0",OK,"Bremerhaven, Germany",ChIJYU4gxBGxtkcRoHMAY3fPJgQ,APPROXIMATE,"53.5395845,8.580942499999999",./0.png
7.3150145,51.5632625,Castrop-Rauxel,"83901","78877","79037","78608","75408","73343",Nordrhein-Westfalen,"1","0",OK,"Castrop-Rauxel, Germany",ChIJxc6F868duUcR8H9UMYHyJwQ,APPROXIMATE,"51.5632625,7.3150145",./0.png
10.0628514,52.6175963,Celle,"57130","72820","72260","72127","70242","69540",Niedersachsen,"1","0",OK,"Celle, Germany",ChIJ10jO-asisEcRES5eG_lzt58,APPROXIMATE,"52.6175963,10.0628514",./0.png
12.9213697,50.827845,Chemnitz1,"299411","317644","294244","259246","243248","246334",Sachsen,"1","0",OK,"Chemnitz, Germany",ChIJ6Z39AV9Gp0cRHNF1CSj43VE,APPROXIMATE,"50.827845,12.9213697",./0.png
14.3328679,51.7563108,Cottbus,"83444","113479","125891","108491","102091","99678",Brandenburg,"1","0",OK,"Cottbus, Germany",ChIJX0qVWUJ0CEcROq1_4LUv1FA,APPROXIMATE,"51.75631079999999,14.3328679",./0.png
8.6511929,49.8728253,Darmstadt,"141847","138201","138920","138242","144402","159878",Hessen,"1","0",OK,"Darmstadt, Germany",ChIJ2c1zEWRwvUcR8MWwKVBDIgQ,APPROXIMATE,"49.8728253,8.6511929",./0.png
8.6355932,53.0521886,Delmenhorst,"63870","72370","75154","76644","74361","77559",Niedersachsen,"1","0",OK,"Delmenhorst, Germany",ChIJQ3aVEw7VsEcRG4cTRVRPyjQ,APPROXIMATE,"53.0521886,8.635593199999999",./0.png
12.22785,51.83642,Dessau-RoÃŸlau2,"98402","102529","96754","83153","86906","80103",Sachsen-Anhalt,"1","0",OK,"Gropiusallee 1, 06846 Dessau-Roßlau, Germany",ChIJ6aZGVDERpkcRQrFsFfDKvTg,ROOFTOP,"51.83642,12.22785",./0.png
8.8686381,51.9384783,Detmold,"63684","67612","70074","73695","72758","74254",Nordrhein-Westfalen,"1","0",OK,"Detmold, Germany",ChIJc9lX_pBEukcRMIVUMYHyJwQ,APPROXIMATE,"51.9384783,8.8686381",./0.png
6.747534,51.5674264,Dinslaken,"55241","59473","65313","70714","69472","67373",Nordrhein-Westfalen,"1","0",OK,"Dinslaken, Germany",ChIJNf12WQOUuEcRJX7Lz2uV1W8,APPROXIMATE,"51.5674264,6.747534",./0.png
6.8289112,51.0936851,Dormagen,"30869","56645","58260","62957","62961","64340",Nordrhein-Westfalen,"1","0",OK,"Dormagen, Germany",ChIJWZes3I8zv0cRHjWjnKkQ9_M,APPROXIMATE,"51.09368509999999,6.828911199999999",./0.png
6.9642606,51.6559681,Dorsten,"39551","70287","78035","81063","76775","74704",Nordrhein-Westfalen,"1","0",OK,"Dorsten, Germany",ChIJMaGvNEPxuEcREIBUMYHyJwQ,APPROXIMATE,"51.6559681,6.964260599999999",./0.png
7.4652981,51.5135872,Dortmund,"640642","608297","599055","588994","580444","588250",Nordrhein-Westfalen,"2","0",OK,"Dortmund, Germany",ChIJEXrwv2AXuUcRUIdUMYHyJwQ,APPROXIMATE,"51.5135872,7.465298100000001",./0.png
13.7372621,51.0504088,Dresden,"502432","516225","490571","477807","523058","556780",Sachsen,"2","0",OK,"Dresden, Germany",ChIJqdYaECnPCUcRsP6IQsuxIQQ,APPROXIMATE,"51.0504088,13.7372621",./0.png
6.7623293,51.4344079,Duisburg,"452721","558089","535447","514915","489559","498686",Nordrhein-Westfalen,"1","0",OK,"Duisburg, Germany",ChIJOyeLpfW-uEcRwHNUMYHyJwQ,APPROXIMATE,"51.4344079,6.762329299999999",./0.png
6.481105,50.8029513,DÃ¼ren,"53755","85913","86508","91801","92820","91216",Nordrhein-Westfalen,"1","0",OK,"Düren, Germany",ChIJoSe66khov0cRRCpoShMn4WM,APPROXIMATE,"50.8029513,6.481105",./0.png
6.7734556,51.2277411,DÃ¼sseldorf,"660963","590479","575794","569364","588735","621877",Nordrhein-Westfalen,"2","0",OK,"Düsseldorf, Germany",ChIJB1lG8XvJuEcRsHMqSvxgJwQ,APPROXIMATE,"51.2277411,6.7734556",./0.png
6.7774607,50.7948075,Erftstadt,"36578","43208","45403","50689","50553","50010",Nordrhein-Westfalen,"1","0",OK,"50374 Erftstadt, Germany",ChIJtx74zBEWv0cRa3tma8KKYDk,APPROXIMATE,"50.7948075,6.7774607",./0.png
11.02988,50.9847679,Erfurt,"195994","211575","208989","200564","204994","213981",ThÃ¼ringen,"1","0",OK,"Erfurt, Germany",ChIJcdZYg4VypEcRADYzdMGOIAQ,APPROXIMATE,"50.98476789999999,11.02988",./0.png
11.0119611,49.5896744,Erlangen,"85061","101845","102440","100778","105629","112528",Bayern,"1","0",OK,"Erlangen, Germany",ChIJoTR81cf4oUcR0Me1vjLaHgQ,APPROXIMATE,"49.5896744,11.0119611",./0.png
6.263075,50.8107322,Eschweiler,"38666","53478","54675","55090","55505","56482",Nordrhein-Westfalen,"1","0",OK,"Eschweiler, Germany",ChIJi8WLCURgv0cRhLOPLtCp64Y,APPROXIMATE,"50.8107322,6.263075",./0.png
7.0115552,51.4556432,Essen,"696419","647643","626973","595243","574635","582760",Nordrhein-Westfalen,"2","0",OK,"Essen, Germany",ChIJOfarlrfCuEcRnSytpBHhAGo,APPROXIMATE,"51.4556432,7.0115552",./0.png
9.3201122,48.7433425,Esslingen am Neckar,"87371","90835","91685","89667","91869","94145",Baden-WÃ¼rttemberg,"1","0",OK,"Esslingen, Germany",ChIJy0zuWdLAmUcRgCkJjTz9HwQ,APPROXIMATE,"48.7433425,9.320112199999999",./0.png
6.7899945,50.6574392,Euskirchen,"42278","44811","49654","53680","55620","58381",Nordrhein-Westfalen,"1","0",OK,"Euskirchen, Germany",ChIJi42sYFkFv0cRYHoqSvxgJwQ,APPROXIMATE,"50.6574392,6.7899945",./0.png
9.4469964,54.7937431,Flensburg,"95366","87862","86977","84281","88759","90164",Schleswig-Holstein,"1","0",OK,"Flensburg, Germany",ChIJ6bkaGr1Cs0cRZ0ROgyxjz1s,APPROXIMATE,"54.7937431,9.4469964",./0.png
14.5505672,52.3472237,Frankfurt (Oder),"62433","80414","86131","72131","60330","57751",Brandenburg,"1","0",OK,"Frankfurt an der Oder, Germany",ChIJb_u1AiqYB0cRwDteW0YgIQQ,APPROXIMATE,"52.3472237,14.5505672",./0.png
8.6821267,50.1109221,Frankfurt am Main,"666179","629375","644865","646550","679664","763380",Hessen,"2","0",OK,"Frankfurt, Germany",ChIJxZZwR28JvUcRAMawKVBDIgQ,APPROXIMATE,"50.1109221,8.6821267",./0.png
6.8159957,50.9122488,Frechen,"31337","43483","44360","47019","49939","52439",Nordrhein-Westfalen,"1","0",OK,"50226 Frechen, Germany",ChIJoYAn65M7v0cRO2kFvv6_EpY,APPROXIMATE,"50.9122488,6.815995699999999",./0.png
7.8421043,47.9990077,Freiburg im Breisgau,"163568","175106","191029","205102","224191","231195",Baden-WÃ¼rttemberg,"1","0",OK,"Freiburg im Breisgau, Germany",ChIJZdYLViYbkUcRsFffpbdrHwQ,APPROXIMATE,"47.9990077,7.842104299999999",./0.png
9.4800113,47.6617648,Friedrichshafen,"43651","52080","54129","57213","59002","61283",Baden-WÃ¼rttemberg,"1","0",OK,"Friedrichshafen, Germany",ChIJ080TOl4Am0cRIITfpbdrHwQ,APPROXIMATE,"47.6617648,9.4800113",./0.png
9.6808449,50.5558095,Fulda,"45187","57035","56289","62510","64349","68635",Hessen,"1","0",OK,"Fulda, Germany",ChIJLbn56Uk0o0cRMKuwKVBDIgQ,APPROXIMATE,"50.5558095,9.6808449",./0.png
10.988667,49.4771169,FÃ¼rth,"94415","99088","103362","110477","114628","128497",Bayern,"1","0",OK,"Fürth, Germany",ChIJMQVnDHpVn0cR4Me1vjLaHgQ,APPROXIMATE,"49.4771169,10.988667",./0.png
9.5955146,52.4272509,Garbsen,"26444","57522","60776","63269","61790","61032",Niedersachsen,"1","0",OK,"Garbsen, Germany",ChIJEbr9hmNwsEcR4FyslG2sJQQ,APPROXIMATE,"52.4272509,9.5955146",./0.png
7.0857172,51.517744,Gelsenkirchen,"347074","304386","293714","278695","257981","259645",Nordrhein-Westfalen,"1","0",OK,"Gelsenkirchen, Germany",ChIJ71fh7eHluEcREH5UMYHyJwQ,APPROXIMATE,"51.517744,7.085717199999999",./0.png
12.0807203,50.8850706,Gera,"111535","125383","129037","112835","99262","93125",ThÃ¼ringen,"1","0",OK,"Gera, Germany",ChIJD9ftK2DPpkcREDYzdMGOIAQ,APPROXIMATE,"50.8850706,12.0807203",./0.png
8.6784031,50.5840512,GieÃŸen,"75532","76374","74497","73138","77366","89802",Hessen,"1","0",OK,"Giessen, Germany",ChIJfSNLAORYvEcRkKSwKVBDIgQ,APPROXIMATE,"50.5840512,8.678403099999999",./0.png
6.9853921,51.5706624,Gladbeck,"83132","79747","80267","77789","75253","75610",Nordrhein-Westfalen,"1","0",OK,"Gladbeck, Germany",ChIJpYUnacHuuEcRIIBUMYHyJwQ,APPROXIMATE,"51.5706624,6.985392099999999",./0.png
8.9092339,49.1379832,GÃ¶ppingen,"48028","53347","54957","57371","56819","57813",Baden-WÃ¼rttemberg,"1","0",OK,"75031 Eppingen, Germany",ChIJsQuSFN2El0cREJEJjTz9HwQ,APPROXIMATE,"49.1379832,8.9092339",./0.png
14.968707,51.1506269,GÃ¶rlitz,"87492","81399","72237","61599","55596","55980",Sachsen,"1","0",OK,"Görlitz, Germany",ChIJf-6PpzHcCEcRVzuLo8H_nl4,APPROXIMATE,"51.1506269,14.968707",./0.png
10.4289963,51.9059531,Goslar,"40051","52556","46251","44278","40989","50554",Niedersachsen,"1","0",OK,"Goslar, Germany",ChIJG0RAg5pApUcRK3yArM4ONAo,APPROXIMATE,"51.9059531,10.4289963",./0.png
9.8450766,52.6367036,GÃ¶ttingen,"109892","129656","121831","124132","121060","118911",Niedersachsen,"1","0",OK,"Lower Saxony, Germany",ChIJZTST8-ORsEcRAHkCY3fPJgE,APPROXIMATE,"52.6367036,9.8450766",./0.png
13.3923414,54.0865463,Greifswald,"47017","61278","66251","54236","54610","59232",Mecklenburg-Vorpommern,"1","0",OK,"Greifswald, Germany",ChIJ1yJjoaF0q0cRkIKEregaJQQ,APPROXIMATE,"54.08654629999999,13.3923414",./0.png
6.585863,51.0902094,Grevenbroich,"27698","60317","60835","64688","63891","63743",Nordrhein-Westfalen,"1","0",OK,"Grevenbroich, Germany",ChIJc6NI5flLv0cRAHYqSvxgJwQ,APPROXIMATE,"51.0902094,6.585863000000001",./0.png
7.569283,51.0266668,Gummersbach,"44880","48660","50965","53311","51309","50952",Nordrhein-Westfalen,"1","0",OK,"Gummersbach, Germany",ChIJzwtTi-i1vkcRoHsqSvxgJwQ,APPROXIMATE,"51.0266668,7.569283",./0.png
8.3025924,51.9410737,GÃ¼tersloh,"75912","78221","86807","95158","96404","100861",Nordrhein-Westfalen,"1","0",OK,"Gütersloh, Germany",ChIJs8kJEQclukcR195wf6vVfzY,APPROXIMATE,"51.9410737,8.3025924",./0.png
7.4632841,51.3670777,Hagen,"201042","218927","214449","203151","188529","188686",Nordrhein-Westfalen,"1","0",OK,"Hagen, Germany",ChIJ2yg81387uUcR1jbZgSbWYEM,APPROXIMATE,"51.3670777,7.4632841",./0.png
11.9688029,51.4969802,Halle (Saale),"257261","232294","310234","247736","232963","238762",Sachsen-Anhalt,"1","0",OK,"Halle (Saale), Germany",ChIJn3D8_EdjpkcRYOQG-FlmIwQ,APPROXIMATE,"51.4969802,11.9688029",./0.png
9.9936819,53.5510846,Hamburg,"1793640","1645095","1652363","1715392","1786448","1847253",Hamburg,"3","0",OK,"Hamburg, Germany",ChIJuRMYfoNhsUcRoDrWe_I9JgQ,APPROXIMATE,"53.5510846,9.9936819",./0.png
9.362171,52.1082726,Hameln,"47201","58390","58539","58807","57771","57434",Niedersachsen,"1","0",OK,"Hamelin, Germany",ChIJw60bg_COukcRcEqslG2sJQQ,APPROXIMATE,"52.1082726,9.362171",./0.png
7.8159817,51.6738583,Hamm,"84629","171869","179639","182427","181783","179916",Nordrhein-Westfalen,"1","0",OK,"Hamm, Germany",ChIJ1UToklhxuUcRcIdUMYHyJwQ,APPROXIMATE,"51.6738583,7.8159817",./0.png
8.9283105,50.1264123,Hanau,"55492","86402","86913","88294","88637","96492",Hessen,"1","0",OK,"Hanau, Germany",ChIJWUeLbh8XvUcRSkKtFHhvi44,APPROXIMATE,"50.1264123,8.9283105",./0.png
9.7320104,52.3758916,Hannover,"521003","534623","513010","515001","522686","536925",Niedersachsen,"2","0",OK,"Hanover, Germany",ChIJhU9JTVELsEcRIEeslG2sJQQ,APPROXIMATE,"52.3758916,9.732010400000002",./0.png
7.1911567,51.4018117,Hattingen,"59392","57373","58241","58329","55510","54438",Nordrhein-Westfalen,"1","0",OK,"Hattingen, Germany",ChIJ3Y-fy8fYuEcRwIdUMYHyJwQ,APPROXIMATE,"51.4018117,7.1911567",./0.png
8.6724335,49.3987524,Heidelberg,"121398","133227","136796","140259","147312","161485",Baden-WÃ¼rttemberg,"1","0",OK,"Heidelberg, Germany",ChIJzdzMDgXBl0cR1zokRADq5u8,APPROXIMATE,"49.3987524,8.6724335",./0.png
9.210879,49.1426929,Heilbronn,"102300","111938","115843","119305","122879","126592",Baden-WÃ¼rttemberg,"1","0",OK,"Heilbronn, Germany",ChIJ0VFNsJcomEcRcJAJjTz9HwQ,APPROXIMATE,"49.1426929,9.210879",./0.png
8.6793998,52.1178305,Herford,"65422","62881","63893","65083","64088","66638",Nordrhein-Westfalen,"1","0",OK,"Herford, Germany",ChIJZ3fpXhEUukcR4INUMYHyJwQ,APPROXIMATE,"52.1178305,8.679399799999999",./0.png
7.2009147,51.5368948,Herne,"103849","182542","178132","174529","164762","156449",Nordrhein-Westfalen,"1","0",OK,"Herne, Germany",ChIJFaN4ZIPhuEcRgIdUMYHyJwQ,APPROXIMATE,"51.5368948,7.200914699999999",./0.png
7.1389575,51.6020534,Herten,"52966","69247","69245","66930","62235","61821",Nordrhein-Westfalen,"1","0",OK,"Herten, Germany",ChIJtzPDlfPkuEcRDafmn3qjuJc,APPROXIMATE,"51.6020534,7.1389575",./0.png
6.9352253,51.1678567,Hilden,"50228","53343","54782","56412","55441","55625",Nordrhein-Westfalen,"1","0",OK,"Hilden, Germany",ChIJ3Y7trGXNuEcRgHUqSvxgJwQ,APPROXIMATE,"51.16785669999999,6.9352253",./0.png
9.9579652,52.154778,Hildesheim,"93373","102619","105291","103909","102794","101693",Niedersachsen,"1","0",OK,"Hildesheim, Germany",ChIJI8rR7qmvukcR0oNx5PXB7o4,APPROXIMATE,"52.154778,9.9579652",./0.png
6.8881425,50.8805932,HÃ¼rth,"52235","50794","50808","53261","57922","59731",Nordrhein-Westfalen,"1","0",OK,"50354 Hürth, Germany",ChIJoY6tyrQ8v0cRUwyrptV7YSw,APPROXIMATE,"50.8805932,6.8881425",./0.png
7.7189946,52.2767721,IbbenbÃ¼ren,"17561","42323","44643","48843","51522","51822",Nordrhein-Westfalen,"1","0",OK,"Ibbenbüren, Germany",ChIJi0593i7FuUcR8IBUMYHyJwQ,APPROXIMATE,"52.2767721,7.718994599999999",./0.png
11.4257541,48.7665351,Ingolstadt,"70594","90490","105489","115722","125088","137392",Bayern,"1","0",OK,"Ingolstadt, Germany",ChIJuwo2iFH-nkcR6op0EyJ-Xew,APPROXIMATE,"48.7665351,11.4257541",./0.png
7.6960842,51.3765096,Iserlohn,"57321","93823","96314","98790","94966","92174",Nordrhein-Westfalen,"1","0",OK,"Iserlohn, Germany",ChIJq8hi8YhAuUcRMIkqSvxgJwQ,APPROXIMATE,"51.3765096,7.6960842",./0.png
11.5892372,50.927054,Jena,"88130","103718","102518","99893","105129","111343",ThÃ¼ringen,"1","0",OK,"Jena, Germany",ChIJWS8KT7mopkcRIDYzdMGOIAQ,APPROXIMATE,"50.927054,11.5892372",./0.png
7.7491265,49.4400657,Kaiserslautern,"100696","98745","99351","99825","99184","100030",Rheinland-Pfalz,"1","0",OK,"Kaiserslautern, Germany",ChIJMQ6MFrkSlkcRics3I-WxhqY,APPROXIMATE,"49.4400657,7.7491265",./0.png
8.4036527,49.0068901,Karlsruhe,"259091","271892","275061","278558","294761","312060",Baden-WÃ¼rttemberg,"1","0",OK,"Karlsruhe, Germany",ChIJCXjgokgGl0cRf-63THNV_LY,APPROXIMATE,"49.0068901,8.4036527",./0.png
9.4797461,51.3127114,Kassel,"214785","195912","194268","194766","195530","202137",Hessen,"1","0",OK,"Kassel, Germany",ChIJHWx6n04_u0cRRxciWD1jhC8,APPROXIMATE,"51.3127114,9.4797461",./0.png
10.3157835,47.7285699,Kempten (AllgÃ¤u),"44884","57376","61906","61389","62060","69151",Bayern,"1","0",OK,"Kempten, Germany",ChIJEcln2gd5nEcRK7AzyJW7pbw,APPROXIMATE,"47.7285699,10.3157835",./0.png
6.6883728,50.8747592,Kerpen,"10608","54725","57337","63135","64602","66702",Nordrhein-Westfalen,"1","0",OK,"Kerpen, Germany",ChIJz1NL1BM_v0cRraYipPL4P2I,APPROXIMATE,"50.8747592,6.6883728",./0.png
10.1227651,54.3232927,Kiel,"271042","250062","245567","232612","239526","246794",Schleswig-Holstein,"1","0",OK,"Kiel, Germany",ChIJrZfujw1WskcRIANYxmOJJAQ,APPROXIMATE,"54.3232927,10.1227651",./0.png
6.12954,51.786726,Kleve,"43640","44026","45963","48662","49477","52388",Nordrhein-Westfalen,"1","0",OK,"47533 Kleve, Germany",ChIJ7WxfIh10x0cRkPEAHjFzhQA,APPROXIMATE,"51.78672599999999,6.12954",./0.png
7.5889959,50.3569429,Koblenz,"120079","113676","108733","107950","106417","114052",Rheinland-Pfalz,"1","0",OK,"Koblenz, Germany",ChIJnX0jdld7vkcRYLPaENXUIgQ,APPROXIMATE,"50.3569429,7.5889959",./0.png
6.9602786,50.937531,KÃ¶ln,"849451","976694","953551","962884","1007119","1087863",Nordrhein-Westfalen,"3","0",OK,"Cologne, Germany",ChIJ5S-raZElv0cR8HcqSvxgJwQ,APPROXIMATE,"50.937531,6.9602786",./0.png
9.1732384,47.6779496,Konstanz,"61614","68305","75089","78087","84693","84911",Baden-WÃ¼rttemberg,"1","0",OK,"Konstanz, Germany",ChIJWx8MOBv2mkcR0JnfpbdrHwQ,APPROXIMATE,"47.6779496,9.173238399999999",./0.png
6.5853417,51.3387609,Krefeld,"222666","223969","244020","239916","235076","227417",Nordrhein-Westfalen,"1","0",OK,"Krefeld, Germany",ChIJWVNeR6u6uEcRV4jRxu25oi8,APPROXIMATE,"51.3387609,6.5853417",./0.png
12.1468532,48.5441917,Landshut,"52425","55796","59066","58746","63258","73411",Bayern,"1","0",OK,"Landshut, Germany",ChIJe9zDlQcmnkcRIK83CaQlHQQ,APPROXIMATE,"48.5441917,12.1468532",./0.png
6.9512663,51.1191898,Langenfeld (Rheinland),"44217","47027","53455","58429","59160","59178",Nordrhein-Westfalen,"1","0",OK,"40764 Langenfeld, Germany",ChIJfbDqBm4tv0cREZWvM0WEd8I,APPROXIMATE,"51.1191898,6.951266299999999",./0.png
9.7443992,52.4528001,Langenhagen,"35474","46764","47432","49432","52583","54652",Niedersachsen,"1","0",OK,"Langenhagen, Germany",ChIJ9Vjr5W1ysEcRMF2slG2sJQQ,APPROXIMATE,"52.4528001,9.7443992",./0.png
12.3730747,51.3396955,Leipzig,"583885","562480","511079","493208","522883","593145",Sachsen,"2","0",OK,"Leipzig, Germany",ChIJcywPIBj4pkcRUvW0udKA35M,APPROXIMATE,"51.3396955,12.3730747",./0.png
7.0192196,51.0459248,Leverkusen,"107626","160825","160919","161047","160772","163729",Nordrhein-Westfalen,"1","0",OK,"Leverkusen, Germany",ChIJXXL7Vr8uv0cR_T55Et295Zs,APPROXIMATE,"51.04592479999999,7.0192196",./0.png
7.3292862,52.5403079,Lingen (Ems),"31522","44097","49137","51684","51177","54708",Niedersachsen,"1","0",OK,"Lingen, Germany",ChIJY7s9tbeHt0cRULkAY3fPJgQ,APPROXIMATE,"52.54030789999999,7.329286199999999",./0.png
8.3406481,51.6712278,Lippstadt,"41743","61927","62345","66933","66976","67952",Nordrhein-Westfalen,"1","0",OK,"Lippstadt, Germany",ChIJhR8FMVDSu0cRnXWiGsBraYI,APPROXIMATE,"51.6712278,8.3406481",./0.png
10.6865593,53.8654673,LÃ¼beck,"239955","220588","214758","213399","210232","216530",Schleswig-Holstein,"1","0",OK,"Lübeck, Germany",ChIJ850L91MJskcRtBJ-PldfcvQ,APPROXIMATE,"53.8654673,10.6865593",./0.png
7.63126,51.2191038,LÃ¼denscheid,"79086","74578","79401","80613","75463","72313",Nordrhein-Westfalen,"1","0",OK,"Lüdenscheid, Germany",ChIJhaM3V7ZJuUcR4KVPw1v-K5g,APPROXIMATE,"51.2191038,7.631259999999999",./0.png
9.195464,48.8940624,Ludwigsburg,"78111","81589","82343","87146","87735","93584",Baden-WÃ¼rttemberg,"1","0",OK,"Ludwigsburg, Germany",ChIJG0r0mB3OmUcREC8JjTz9HwQ,APPROXIMATE,"48.8940624,9.195464",./0.png
8.44518,49.47741,Ludwigshafen am Rhein,"176257","159399","162233","163383","164351","172253",Rheinland-Pfalz,"1","0",OK,"Ludwigshafen, Germany",ChIJY4Hac2nMl0cRwhx3V3rcjjk,APPROXIMATE,"49.47741,8.445179999999999",./0.png
10.4115179,53.2464214,LÃ¼neburg,"59763","62225","61870","67398","72983","75711",Niedersachsen,"1","0",OK,"Lüneburg, Germany",ChIJW6SejMXdsUcRw_701MwGAMY,APPROXIMATE,"53.2464214,10.4115179",./0.png
7.4652981,51.5135872,LÃ¼nen,"71826","85872","87845","92017","87530","86348",Nordrhein-Westfalen,"1","0",OK,"Dortmund, Germany",ChIJEXrwv2AXuUcRUIdUMYHyJwQ,APPROXIMATE,"51.5135872,7.465298100000001",./0.png
11.6276237,52.1205333,Magdeburg,"272237","289032","278807","231450","231525","237565",Sachsen-Anhalt,"1","0",OK,"Magdeburg, Germany",ChIJW-raVf_1pUcRYBAH-FlmIwQ,APPROXIMATE,"52.1205333,11.6276237",./0.png
8.2472526,49.9928617,Mainz,"174858","187392","179486","182870","199237","218578",Rheinland-Pfalz,"1","0",OK,"Mainz, Germany",ChIJeRPfMy6RvUcRoBvbENXUIgQ,APPROXIMATE,"49.9928617,8.2472526",./0.png
8.4660395,49.4874592,Mannheim,"332378","304303","310411","306729","313174","310658",Baden-WÃ¼rttemberg,"1","0",OK,"Mannheim, Germany",ChIJRT-OUSTMl0cRh-YGpHr-5LE,APPROXIMATE,"49.4874592,8.466039499999999",./0.png
8.7667933,50.8021728,Marburg,"47230","76419","74146","77390","80656","77129",Hessen,"1","0",OK,"Marburg, Germany",ChIJ6SnbQENivEcR4KiwKVBDIgQ,APPROXIMATE,"50.8021728,8.7667933",./0.png
7.1060218,51.6591234,Marl,"76999","89082","91467","93256","87557","84067",Nordrhein-Westfalen,"1","0",OK,"Marl, Germany",ChIJx16WK8D6uEcRGGazVbSbKmg,APPROXIMATE,"51.65912340000001,7.1060218",./0.png
6.6907173,51.2503512,Meerbusch,"46904","49876","52104","55175","54318","56415",Nordrhein-Westfalen,"1","0",OK,"Meerbusch, Germany",ChIJP1edGZG2uEcRr8cLtESpXOs,APPROXIMATE,"51.2503512,6.690717299999999",./0.png
7.7953337,51.4377453,Menden (Sauerland),"30109","53337","56527","59239","55496","52608",Nordrhein-Westfalen,"1","0",OK,"Menden, Germany",ChIJb1E7NeZpuUcRcIkqSvxgJwQ,APPROXIMATE,"51.4377453,7.7953337",./0.png
8.8949206,52.2964919,Minden,"48860","77713","78145","83079","82114","81716",Nordrhein-Westfalen,"1","0",OK,"Minden, Germany",ChIJs3Xg-gR0ukcRVQlchEGM8NA,APPROXIMATE,"52.2964919,8.894920599999999",./0.png
6.6408148,51.4516041,Moers,"53410","99923","104595","107062","105506","103902",Nordrhein-Westfalen,"1","0",OK,"Moers, Germany",ChIJG-aD6wC9uEcR0T-wZt6zD0Q,APPROXIMATE,"51.4516041,6.640814799999999",./0.png
6.4428041,51.1804572,MÃ¶nchengladbach,"151085","258424","259436","263014","257993","261034",Nordrhein-Westfalen,"1","0",OK,"Mönchengladbach, Germany",ChIJaWRATJisuEcRUMi_x4rNRVQ,APPROXIMATE,"51.1804572,6.4428041",./0.png
6.8845226,51.4185682,MÃ¼lheim an der Ruhr,"192183","181279","177681","172862","167344","170632",Nordrhein-Westfalen,"1","0",OK,"Mülheim, Germany",ChIJM4zKXBTBuEcRgRv_MrP53Ns,APPROXIMATE,"51.4185682,6.884522599999999",./0.png
-73.993641,40.7447221,MÃ¼nchen,"1311978","1298941","1229026","1210223","1353186","1484226",Bayern,"3","0",OK,"Smithfield Hall, 138 W 25th St, New York, NY 10001, USA",ChIJ_XB_I6VZwokRbuAtX7tITWw,ROOFTOP,"40.7447221,-73.993641",./0.png
7.6261347,51.9606649,MÃ¼nster,"198878","269696","259438","265609","279803","315293",Nordrhein-Westfalen,"1","0",OK,"Münster, Germany",ChIJ32D3mcO6uUcR6yjze6dM6yE,APPROXIMATE,"51.9606649,7.6261347",./0.png
10.0060398,48.3906042,Neu-Ulm,"27925","47415","46264","50188","53504","58978",Bayern,"1","0",OK,"Neu-Ulm, Germany",ChIJPRlcsfJmmUcRqw5F4zBnSWw,APPROXIMATE,"48.3906042,10.0060398",./0.png
13.2779269,53.5678292,Neubrandenburg,"46087","79006","89284","73318","65282","63761",Mecklenburg-Vorpommern,"1","0",OK,"Neubrandenburg, Germany",ChIJ2YMn7DbDq0cRoIKEregaJQQ,APPROXIMATE,"53.5678292,13.2779269",./0.png
9.97043,54.08996,NeumÃ¼nster,"86133","80145","80743","79831","76830","80196",Schleswig-Holstein,"1","0",OK,"Rendsburger Str. 173, 24537 Neumünster, Germany",ChIJPyIr15lLskcRa_cUdm84Tzo,ROOFTOP,"54.08996,9.97043",./0.png
6.6879511,51.2041968,Neuss,"116013","149334","147019","150013","151388","153896",Nordrhein-Westfalen,"1","0",OK,"Neuss, Germany",ChIJTeoaMQC1uEcRk5j5J5izBcU,APPROXIMATE,"51.2041968,6.6879511",./0.png
8.1486886,49.3501864,Neustadt an der WeinstraÃŸe,"50952","50328","51988","53658","52855","53264",Rheinland-Pfalz,"1","0",OK,"Neustadt, Germany",ChIJ78ORlJBIlkcRsOZRn-iDw4s,APPROXIMATE,"49.3501864,8.1486886",./0.png
7.4664546,50.4361866,Neuwied,"62666","60485","62075","67057","64318","64765",Rheinland-Pfalz,"1","0",OK,"Neuwied, Germany",ChIJJUkjm8RhvkcRJP92atfG9EU,APPROXIMATE,"50.4361866,7.4664546",./0.png
10.0008798,53.6993066,Norderstedt,"55770","65301","68450","71523","71992","79357",Schleswig-Holstein,"1","0",OK,"Norderstedt, Germany",ChIJn6ikStEnskcRsDZYxmOJJAQ,APPROXIMATE,"53.6993066,10.0008798",./0.png
7.0685708,52.4295801,Nordhorn,"44470","48492","49359","51968","53052","53711",Niedersachsen,"1","0",OK,"Nordhorn, Germany",ChIJcYoSb6whuEcR8JcAY3fPJgQ,APPROXIMATE,"52.4295801,7.0685708",./0.png
11.0766654,49.4521018,NÃ¼rnberg,"478181","484405","493692","488400","505664","518370",Bayern,"2","0",OK,"Nuremberg, Germany",ChIJ0xy2ta5Xn0cRtyGMqYWvXd0,APPROXIMATE,"49.4521018,11.0766654",./0.png
6.8637765,51.4963341,Oberhausen,"246199","228947","223840","222151","212945","210764",Nordrhein-Westfalen,"1","0",OK,"Oberhausen, Germany",ChIJGYNsLEHruEcRrmqObbRKUuc,APPROXIMATE,"51.4963341,6.863776499999999",./0.png
8.7760843,50.0956362,Offenbach am Main,"118841","110993","114992","117535","120435","130280",Hessen,"1","0",OK,"Offenbach, Germany",ChIJ_UdLNRsSvUcREMawKVBDIgQ,APPROXIMATE,"50.09563620000001,8.776084299999999",./0.png
7.9498017,48.473451,Offenburg,"33066","50486","52964","56891","59215","59967",Baden-WÃ¼rttemberg,"1","0",OK,"Offenburg, Germany",ChIJCduT2xHTlkcRsIXfpbdrHwQ,APPROXIMATE,"48.473451,7.9498017",./0.png
8.2145521,53.1434501,Oldenburg,"131545","136764","143131","154832","162173","169077",Niedersachsen,"1","0",OK,"Oldenburg, Germany",ChIJs2m2tVPetkcRZUiFrRvLHO0,APPROXIMATE,"53.1434501,8.214552099999999",./0.png
8.0471788,52.2799112,OsnabrÃ¼ck,"144864","157367","163168","164101","164119","165251",Niedersachsen,"1","0",OK,"Osnabrück, Germany",ChIJTV17aZjluUcRYFwAY3fPJgQ,APPROXIMATE,"52.2799112,8.0471788",./0.png
8.7575093,51.7189205,Paderborn,"68207","110155","120680","139084","146283","151633",Nordrhein-Westfalen,"1","0",OK,"Paderborn, Germany",ChIJ2x1hYZZMukcR7iLvWCqHzHM,APPROXIMATE,"51.7189205,8.757509299999999",./0.png
13.4319466,48.5667364,Passau,"30758","50698","50328","50536","50594","52803",Bayern,"1","0",OK,"Passau, Germany",ChIJZaCgQ3lYdEcRMK83CaQlHQQ,APPROXIMATE,"48.5667364,13.4319466",./0.png
8.6946286,48.8921862,Pforzheim,"91104","106500","112944","117156","119781","125957",Baden-WÃ¼rttemberg,"1","0",OK,"Pforzheim, Germany",ChIJd6YPj-Jxl0cRQFMJjTz9HwQ,APPROXIMATE,"48.8921862,8.6946286",./0.png
12.1368679,50.4976133,Plauen,"82026","78828","71774","71543","66098","64597",Sachsen,"1","0",OK,"Plauen, Germany",ChIJb-R66owmoUcRB7VAxCmABak,APPROXIMATE,"50.4976133,12.1368679",./0.png
13.0644729,52.3905689,Potsdam,"111336","130900","139794","129324","156906","180334",Brandenburg,"1","0",OK,"Potsdam, Germany",ChIJt9Y6hM31qEcRm-yqC5j4ZcU,APPROXIMATE,"52.3905689,13.0644729",./0.png
6.8076853,50.9995815,Pulheim,"11323","44870","49353","53158","53769","54194",Nordrhein-Westfalen,"1","0",OK,"50259 Pulheim, Germany",ChIJLSsqcrUwv0cRh25IjenJbh8,APPROXIMATE,"50.9995815,6.807685299999999",./0.png
6.8401844,51.2964148,Ratingen,"44479","89466","91007","91437","91088","87520",Nordrhein-Westfalen,"1","0",OK,"Ratingen, Germany",ChIJW8D-BPrFuEcRwHUqSvxgJwQ,APPROXIMATE,"51.2964148,6.8401844",./0.png
9.6121303,47.7782704,Ravensburg,"32045","42269","45650","47525","49774","50897",Baden-WÃ¼rttemberg,"1","0",OK,"Ravensburg, Germany",ChIJjUNwkEypm0cR8LLfpbdrHwQ,APPROXIMATE,"47.7782704,9.612130299999999",./0.png
7.1979453,51.6140649,Recklinghausen,"125369","119418","125060","124785","118365","111397",Nordrhein-Westfalen,"1","0",OK,"Recklinghausen, Germany",ChIJu8INXBzjuEcRcIBUMYHyJwQ,APPROXIMATE,"51.6140649,7.1979453",./0.png
12.1016236,49.0134297,Regensburg,"130888","132604","121691","125676","135520","153094",Bayern,"1","0",OK,"Regensburg, Germany",ChIJ9y4icpjBn0cREMs3CaQlHQQ,APPROXIMATE,"49.0134297,12.1016236",./0.png
7.1896963,51.1787418,Remscheid,"136822","129082","123155","119287","110563","111338",Nordrhein-Westfalen,"1","0",OK,"Remscheid, Germany",ChIJg0ADCUIquUcRU4GaQiGwU1g,APPROXIMATE,"51.1787418,7.1896963",./0.png
9.2038043,48.5069389,Reutlingen,"79705","95456","103687","110650","112484","115865",Baden-WÃ¼rttemberg,"1","0",OK,"Reutlingen, Germany",ChIJ65TICvPxmUcRMHrfpbdrHwQ,APPROXIMATE,"48.50693889999999,9.2038043",./0.png
7.4434091,52.2815691,Rheine,"50076","71432","70452","75886","76530","76218",Nordrhein-Westfalen,"1","0",OK,"Rheine, Germany",ChIJ4cNS3rsyuEcR_qT0IrI4cgk,APPROXIMATE,"52.2815691,7.443409099999999",./0.png
12.1181047,47.8571272,Rosenheim,"37078","51604","56340","58908","61299","63551",Bayern,"1","0",OK,"Rosenheim, Germany",ChIJ8Q8AgEcadkcRg8sr-Krd2yo,APPROXIMATE,"47.8571272,12.1181047",./0.png
12.0991466,54.0924406,Rostock,"198636","232506","248088","200506","202735","209191",Mecklenburg-Vorpommern,"1","0",OK,"Rostock, Germany",ChIJNzjcO6xQrEcRw55Zj-bj9tI,APPROXIMATE,"54.0924406,12.0991466",./0.png
8.4216976,49.9887497,RÃ¼sselsheim am Main,"60911","60974","59430","59357","60294","65881",Hessen,"1","0",OK,"65428 Rüsselsheim, Germany",ChIJsVZjbiyZvUcR5CyBkROgq1M,APPROXIMATE,"49.9887497,8.4216976",./0.png
6.9969327,49.2401572,SaarbrÃ¼cken,"128251","193554","191694","183257","175741","180374",Saarland,"1","0",OK,"Saarbrücken, Germany",ChIJ68AC41KxlUcRgGvbENXUIgQ,APPROXIMATE,"49.24015720000001,6.996932699999999",./0.png
10.3899127,52.1378659,Salzgitter,"119031","113600","114355","112302","102394","104291",Niedersachsen,"1","0",OK,"Salzgitter, Germany",ChIJN4eFwHZFpUcRIqxPV7XAaEk,APPROXIMATE,"52.13786589999999,10.3899127",./0.png
7.1875786,50.7694775,Sankt Augustin,"31892","48580","51886","55248","55442","55847",Nordrhein-Westfalen,"1","0",OK,"53757 Sankt Augustin, Germany",ChIJh4ovXD_nvkcRoH0qSvxgJwQ,APPROXIMATE,"50.7694775,7.187578599999999",./0.png
9.8045704,48.7994019,SchwÃ¤bisch GmÃ¼nd,"44385","56901","60081","62188","59654","61137",Baden-WÃ¼rttemberg,"1","0",OK,"Schwäbisch Gmünd, Germany",ChIJneAARAsImUcR0G8JjTz9HwQ,APPROXIMATE,"48.7994019,9.8045704",./0.png
10.2194227,50.0492047,Schweinfurt,"58178","52445","54483","54325","53415","53426",Bayern,"1","0",OK,"Schweinfurt, Germany",ChIJjUNpP5D3okcRkAli8Ci3HQQ,APPROXIMATE,"50.0492047,10.2194227",./0.png
11.4012499,53.6355022,Schwerin,"97389","121175","127447","101267","95220","95653",Mecklenburg-Vorpommern,"1","0",OK,"Schwerin, Germany",ChIJmfcOtZLZrUcRwIKEregaJQQ,APPROXIMATE,"53.6355022,11.4012499",./0.png
8.0209591,50.8838492,Siegen,"57563","112320","109174","108476","103424","102770",Nordrhein-Westfalen,"1","0",OK,"Siegen, Germany",ChIJp4UQ55EcvEcRx9vbDB05wj0,APPROXIMATE,"50.8838492,8.020959099999999",./0.png
9.0044053,48.7074558,Sindelfingen,"41967","54808","58805","60766","60445","64905",Baden-WÃ¼rttemberg,"1","0",OK,"Sindelfingen, Germany",ChIJWwEkOrXfmUcRUCgJjTz9HwQ,APPROXIMATE,"48.7074558,9.0044053",./0.png
7.0671161,51.1652199,Solingen,"177124","166085","165401","164973","159927","159245",Nordrhein-Westfalen,"1","0",OK,"Solingen, Germany",ChIJMW7E4oTUuEcRMHQqSvxgJwQ,APPROXIMATE,"51.1652199,7.0671161",./0.png
8.4412172,49.3172765,Speyer,"42184","43864","46553","49776","49857","50561",Rheinland-Pfalz,"1","0",OK,"67346 Speyer, Germany",ChIJIW-mXZy2l0cR0BvbENXUIgQ,APPROXIMATE,"49.3172765,8.441217199999999",./0.png
6.2251934,50.7730884,Stolberg (Rheinland),"39704","57550","57231","58682","57474","56466",Nordrhein-Westfalen,"1","0",OK,"Stolberg (Rhineland), Germany",ChIJKT2ra_lhv0cRUkJOVwSyB08,APPROXIMATE,"50.7730884,6.225193399999999",./0.png
13.0770347,54.3090654,Stralsund,"71489","74947","72780","60663","57670","59418",Mecklenburg-Vorpommern,"1","0",OK,"Stralsund, Germany",ChIJU0sLtaljq0cR0IKEregaJQQ,APPROXIMATE,"54.30906539999999,13.0770347",./0.png
9.1829321,48.7758459,Stuttgart,"634202","580648","579988","583874","606588","635911",Baden-WÃ¼rttemberg,"2","0",OK,"Stuttgart, Germany",ChIJ04-twTTbmUcR5M-RdxzB1Xk,APPROXIMATE,"48.7758459,9.1829321",./0.png
6.6371433,49.749992,Trier,"103598","95536","97835","99410","105260","111528",Rheinland-Pfalz,"1","0",OK,"Trier, Germany",ChIJxfsc0Zt8lUcRS3LNTaWjDP4,APPROXIMATE,"49.749992,6.6371433",./0.png
7.1430246,50.8177471,Troisdorf,"51941","58618","64430","72678","75369","74953",Nordrhein-Westfalen,"1","0",OK,"Troisdorf, Germany",ChIJmXsqQBPevkcRNlvFTf3rQb8,APPROXIMATE,"50.8177471,7.1430246",./0.png
9.0576448,48.5216364,TÃ¼bingen,"55168","73132","80372","81128","88358","91506",Baden-WÃ¼rttemberg,"1","0",OK,"Tübingen, Germany",ChIJgdDN7dT6mUcRjacz_s6uCKw,APPROXIMATE,"48.5216364,9.0576448",./0.png
9.9876076,48.4010822,Ulm,"93158","100671","110529","117233","122801","126790",Baden-WÃ¼rttemberg,"1","0",OK,"Ulm, Germany",ChIJ_Qs1mGlkmUcRkH3fpbdrHwQ,APPROXIMATE,"48.4010822,9.987607599999999",./0.png
7.6853114,51.5426349,Unna,"50299","56416","61552","71375","66502","58936",Nordrhein-Westfalen,"1","0",OK,"Unna, Germany",ChIJWThESbVsuUcRk3aYWyPxlgM,APPROXIMATE,"51.5426349,7.685311400000001",./0.png
7.0426775,51.3370703,Velbert,"55610","93056","89253","89782","84033","81842",Nordrhein-Westfalen,"1","0",OK,"Velbert, Germany",ChIJwz-hBC7auEcR0HUqSvxgJwQ,APPROXIMATE,"51.33707030000001,7.0426775",./0.png
6.3965235,51.2554987,Viersen,"85698","81114","77453","77130","75360","77102",Nordrhein-Westfalen,"1","0",OK,"Viersen, Germany",ChIJAU00iH2puEcRtVAQxj-thKU,APPROXIMATE,"51.2554987,6.3965235",./0.png
8.4640869,48.0594021,Villingen-Schwenningen3,"37999","78904","78218","80891","81022","85707",Baden-WÃ¼rttemberg,"1","0",OK,"Villingen-Schwenningen, Germany",ChIJeXNc6WaWkEcRoInfpbdrHwQ,APPROXIMATE,"48.0594021,8.4640869",./0.png
9.3185739,48.8293519,Waiblingen,"24195","45114","48387","51362","52900","55604",Baden-WÃ¼rttemberg,"1","0",OK,"Waiblingen, Germany",ChIJC4RS4a7ImUcRJ-mJtm0FT0w,APPROXIMATE,"48.8293519,9.318573899999999",./0.png
11.3235439,50.9794934,Weimar,"63634","63709","60326","62425","65479","65228",ThÃ¼ringen,"1","0",OK,"Weimar, Germany",ChIJqVvtMcYapEcRQDYzdMGOIAQ,APPROXIMATE,"50.9794934,11.3235439",./0.png
6.6295679,51.6643079,Wesel,"45338","56776","59631","62063","60750","60230",Nordrhein-Westfalen,"1","0",OK,"Wesel, Germany",ChIJCaMM_dSEuEcRsHdUMYHyJwQ,APPROXIMATE,"51.6643079,6.6295679",./0.png
8.5081645,50.5589802,Wetzlar,"36922","51997","51737","52608","51499","52955",Hessen,"1","0",OK,"Wetzlar, Germany",ChIJO6NMI79avEcRlV1nczH2kYs,APPROXIMATE,"50.5589802,8.5081645",./0.png
8.2397608,50.0782184,Wiesbaden,"250715","274464","260301","270109","275976","278474",Hessen,"1","0",OK,"Wiesbaden, Germany",ChIJO4RcSdm9vUcRwWYzw4D9EQY,APPROXIMATE,"50.0782184,8.239760799999999",./0.png
8.1068722,53.5323403,Wilhelmshaven,"102978","99230","90561","85287","81324","76089",Niedersachsen,"1","0",OK,"Wilhelmshaven, Germany",ChIJHXQ4zZWRtkcRcFwAY3fPJgQ,APPROXIMATE,"53.53234029999999,8.1068722",./0.png
6.5442659,51.2654601,Willich,"37747","39115","42416","50300","51949","50391",Nordrhein-Westfalen,"1","0",OK,"47877 Willich, Germany",ChIJIVIBQW2uuEcR8HYqSvxgJwQ,APPROXIMATE,"51.2654601,6.544265900000001",./0.png
7.353197,51.4438926,Witten,"97687","105876","105403","103196","98233","96459",Nordrhein-Westfalen,"1","0",OK,"Witten, Germany",ChIJswAH8IkhuUcREIhUMYHyJwQ,APPROXIMATE,"51.4438926,7.353197000000001",./0.png
10.5408484,52.1640413,WolfenbÃ¼ttel,"40527","50256","52032","54690","53427","52165",Niedersachsen,"1","0",OK,"Wolfenbüttel, Germany",ChIJfX8GUYlepUcRnVPNF2UsH50,APPROXIMATE,"52.16404130000001,10.5408484",./0.png
10.7865461,52.4226503,Wolfsburg,"90115","125935","128510","121805","121451","124371",Niedersachsen,"1","0",OK,"Wolfsburg, Germany",ChIJseZXR0KSr0cR0DqslG2sJQQ,APPROXIMATE,"52.4226503,10.7865461",./0.png
8.3507182,49.6341372,Worms,"77064","73603","76503","80361","81736","83542",Rheinland-Pfalz,"1","0",OK,"Worms, Germany",ChIJiUcoT8ErlkcR4BvbENXUIgQ,APPROXIMATE,"49.6341372,8.3507182",./0.png
7.1507636,51.2562128,Wuppertal,"417694","393381","383660","366434","349721","355100",Nordrhein-Westfalen,"1","0",OK,"Wuppertal, Germany",ChIJZ9RhXDrWuEcRQHQqSvxgJwQ,APPROXIMATE,"51.2562128,7.150763599999999",./0.png
9.9533548,49.7913044,WÃ¼rzburg,"116395","128652","127777","127966","133799","127934",Bayern,"1","0",OK,"Würzburg, Germany",ChIJ2U3aEiCQokcRoAli8Ci3HQQ,APPROXIMATE,"49.79130439999999,9.9533548",./0.png
12.4733725,50.7102169,Zwickau,"126988","122129","114632","103008","93750","88690",Sachsen,"1","0",OK,"Zwickau, Germany",ChIJwzxMSlYsp0cRsLOIQsuxIQQ,APPROXIMATE,"50.7102169,12.4733725",./0.png
